Model,Silhouette_Score,Davies_Bouldin_Index,Calinski_Harabasz_Score
K-Means,0.2998853623528533,0.5263908805255159,5.561036645179119
Hierarchical,0.2998853623528533,0.5263908805255159,5.561036645179119
GMM,0.048052467155027444,0.8434523452723655,2.5319485149732803
