Feature,Importance
Peak_Load,0.19906060606060602
Avg_Daily_Load,0.14445454545454547
Load_Variance,0.14227272727272727
Median_Load,0.13945454545454544
Peak_to_Avg_Ratio,0.13148484848484848
Idle_Hour_Ratio,0.1087878787878788
Weekly_Consistency,0.09327272727272728
Night_to_Day_Ratio,0.04121212121212122
